@metric_space hamming	
item1	1010111010100100001010110000100100001001000100011101100011100000
item2	0010111010100100011011110001100010011001000000011101100001100000
item3	0010101010100000001000110101100101011001000100111100100001100100
item4	0010111010100100001010110001100000011001000110010101100001100100
item5	0010111000100100001010110011100000011001000101010101100001100100
item6	0010010110100000000000110011100000011001100100011101100001110100
item7	0010111010101100011010111101100000011001110001010101100001100100
item8	0010111010100100001010110011100000111001000100011101100101100100
item9	0010111010100000101010110001100000011001010100011101100001101100
item10	0010111010101100001010011001100000001001010101011111100001100000
item11	0010111010110100001011110000100001011011001100011101000001101100
item12	0010111000100000001010110001100000111001000100011101100001100100
item13	0010101010100100011110110001100001011001000100011111000001110000
item14	0011111010100100011010110001100000011001000100001101100001100100
item15	0010111010100100001000110001100000011001100100010001100000100110
item16	0010111010100100101010110101100000011001100100111101100001101100
item17	0010111010100100001010100011101000111001000100011101110011100100
item18	0010111010110100001010110101100000010001000100011101100000100100
item19	0010111110100000000010110000100000011001000100011101100001100000
item20	0010111010100100101010010001100000011001000101011111100001100100
item21	0010111010110100001010101001000000011001000101011101100001100100
item22	0010110010100000001010110001100000011000001100011001101001100000
item23	1010111010000010011010110000100100011001000101011110010001110100
item24	0010111010100110001010110001100000111001000001011100100011100100
item25	0010100010100100001010110001100000011001000100011101100001001100
item26	0010110010101100001010110001101000011001000100011001101001100100
item27	0010111010100100001010110001100000011001000100011111100001100111
item28	0010111010100000001010110001100000011001010100011101110001100100
item29	0010111010010100001110110001100000011001000100011101100001100101
item30	0010110110101110001010111001100000011001011100011101100001110100
item31	0010111010100100001010110101100100011000000100011100000101110101
item32	0010111010100100001010110001000000010001100100011111100001100100
item33	1010111010101100001011110001100000010001000100011111000001100010
item34	0011111010100101001010110001100000011001010100011101000001100100
item35	0010100010100110001010110011100000010011110100011101100101100100
item36	0010111010100100001010101001100000011001000100011101000001100100
item37	0010111010100100001110110001100000011011000100011111100001100100
item38	0010111010100100001010110001100000011001000000011001100101100100
item39	0010011010110110001010110001100000010101000100010111100001110100
item40	0010101011100100001010100001110001011010000110011101100001100100
item41	0011111010100100001010110011101000001000000000011111100001110100
item42	0110111010100000000010110001100000011001000101011001101101110100
item43	0010101010100101001010110001100001011001000100011001100000101101
item44	0010111010110110001010110001100001011101010100011101000001100100
item45	0000111001000100001110110011100000111001000100011101110001101101
item46	0010111110100110001110110001100000010101000100011101101001100100
item47	0011111010100100001010110001100000011001101100011101110001100100
item48	0110111010100110000110010001100000011011000100011101100100110010
item49	0010111011100100001110110101100001011001000100011101101101100100
item50	0010111000100101001010100011000100011101000100011101110000100000
item51	1101010100100100011101010100000011011110010111011011110001100111
item52	1100010100110100111101010100000001011110011011011011110001110101
item53	1101010100110100011101010100000011011110011011011011010000100101
item54	1101010000100000111101010100000010011100010011011010110111100101
item55	1101011100110100111111010101000011111110011011011011110001100100
item56	1101010000100110110101010100000011011100011011011001110001100101
item57	1101010101110000111101010100000001011110010011001011110001110101
item58	1001010100010101111101110000000011011110011011011011110001100101
item59	1101010100110100111101011100000011011110010011011010110001100101
item60	1101010100111010111101110100001001011110011011011011110101000101
item61	1101010100110110110100010110100011011110011111011011110101000101
item62	0101010100110100001111010101000011001110011111001001110001100101
item63	1101010100110010111001010100000011011110011111011011011001100101
item64	1101110100110100011101010100010011111110011001011011100000100010
item65	1001011100100100111101100100000011110110011011010011110000000101
item66	1101010000110000111110011100000011010111010010011101110001100101
item67	0101010100110100111101010100010011011100111010011011111101100101
item68	1001010100110100111101010000000011011110011011001011100001000101
item69	0101000000110100111101010100101011011110011100011001110001100101
item70	1101110100110101111000010100001011001100011010011011110001100101
item71	1101010100010100111101010100000011011110001101010001110001100101
item72	1001010100110100111100000000000111011110111001011011110101100101
item73	1101010100110100111101010110000011011110000011011011110001110001
item74	1001000100110101111100010100100001111110011011011011110011100101
item75	0101000100010100011101000100000111011110011011011111110001100101
item76	1101010100110100111101000000000011011100011011011011110001100111
item77	0001010100110100110101000100001011011110011011011011100001100100
item78	1101110100111100111101110101000010011110011010001011110001100101
item79	1101010100110000111001010001000011010010001011011110110001000101
item80	1110110000010100111101010100000011001110011011011011010001000001
item81	1101110000100000111101010100000011001110000011011011110101100101
item82	0101010100110100101100010000000011011111011001011011111001101101
item83	1101110000110100111101010100000001011010011011010010010001100001
item84	0100011100110010111101010100100001010110011011011011110011100101
item85	1101011100110100111101010110000011010110110001011011110001110101
item86	1001010100110100011101010000010010011110011011011011110001110101
item87	1101010000110000111101110001000111001110010111010011000001100101
item88	1001011100110110111101110100000011011011011001011010110001100111
item89	1001011100110100111101010100001011011110011111011011111001110101
item90	1100010110110100111101010100010011010110011011011001110001100101
item91	1101110100110110111111010110000011011110111010011010100001101101
item92	1101011101110100111101010100000011011110011011001110110001100111
item93	1101010000110100110001010100000011011110011011011011110101100101
item94	1111010100110100110101010100000001001111011011011011100000110101
item95	1101011100010100111101010100000001011110011011011011110001000101
item96	1001010100110101111101010100000011001110011111011011110001110101
item97	0101010100110100111101010100100011111110011111011011110001100101
item98	1101010000110100111111010100000111011100011010011000110001100101
item99	1101010100111100011101010100100011011010011111001011010111110100
item100	1101010100110100111101010000010011011010111011101001110001100001
item101	1110010110101001111011000001101001100001110010111110100100110010
item102	1111000110111000110010001011101011000001110011100110001000110010
item103	1100000110111001110110001010101011000001110111101110001000110010
item104	1110000110011101110010001011101011000001110011101110000000110010
item105	1110010001111001110010001011101111000001110011101110001000110010
item106	1110000010111101111010001011101011000000110011101010001010010000
item107	0110000111001000110010011011111011000001110001101110011000110011
item108	0110000110111001111010001010111011000000100011101110001000111110
item109	1110000110111001010100001011100011000001110011101110001000010010
item110	0110000110111001010000011011101011001000110011101110001100110010
item111	1110010100011000110010001011101111000001010001100110010000110010
item112	1110000110111001110010001001101011010101110011101110001000110010
item113	1110001110011001110010001111101011000001100011101110011000110010
item114	1110000110110001110010001010101011000001100011101110011000110010
item115	1110000110111001110010001001101001000000110011101110011011110010
item116	1110000110011001110010111011101011000001100111100110001000110010
item117	1010000110011001110010001001111111000001100011101110101000110011
item118	1110000010111011010110001000101010000001110111101110001100110010
item119	1110000110111001110010001011100011000001110001101010001100100010
item120	1110001010111001110010001101101011010101110011101110001001110010
item121	1010000110111001110010011111101010001000110001100100001000110011
item122	1110000110111001110010001011101001000001100011101110001000110110
item123	1110100110111001110010001011101011000100110011111110001100010010
item124	1110000110111001111010001011101011000001110011101110001000110010
item125	1110110100111001100010001011101001100011110111101110011000110110
item126	1110000110111001110000001011101011000001110011101110000000110010
item127	1010000110111001110010001010100011000001110111101110000000110011
item128	1110000010111011110010101011101011001001110001101111001100100000
item129	1110000110111001110010001011101011000000110011101100001000111001
item130	0110000110111001110010001011101011000001110011101111001000111011
item131	1110000100111001110000001011001011001011010011100110001001111010
item132	1010000100111001110010001010001111001011010011101110001000110110
item133	1100000110111001110010001011101011100001110011101110111000110010
item134	0100000110111001110010001011101111000001110011101111001000110010
item135	0110000110111001110110000111101011001001110011101010000000111010
item136	0110000110111011110010101010110000100000111011101010001000110010
item137	0111000110111101110010011110101111000001110011101111001000110010
item138	1100000110111101110000001011100011100001100011101110001100110010
item139	1110000110111011110010001011100001000101111011101110101000101011
item140	1110000101011001110011001110001011001001110011101000001000110010
item141	1110000110011001111011001011101011000011100011101100001001110110
item142	1110000110111001110011001011101010000001010011101100001000110001
item143	1110000100111001110000011001101011000001110010101100011000110010
item144	1110000111110001110010001011101011000001110011101110001001111010
item145	1110000110111001110010001001101011000001110011100000001001010010
item146	1110011110101011111010001011101111101001110011101100001101110011
item147	1100001110111001100010001011101101000101110011101110001100110000
item148	1100000110111000010110001111101010000001110011101110010000110010
item149	1110001101111001110010000011101011000101110011011100101000111110
item150	1010000110111001110001001011000011000011110011101110001000110010
item151	0110111111011101100000100011010101101011011110111100001111000101
item152	1110111011101000110000110011011111001001011110111110001111000101
item153	0110101011001100100000110011011101001001011110111000001111011101
item154	0110110011001100100000111011011001011000011110111010001111000101
item155	0010111011001100100000110011011101011001011111111111000111000101
item156	0110111011001100100000110011011101001001010110111011001010000101
item157	0110111011011100100000110011101101001001111110111111000101000101
item158	1110011010101100000000110011011101001001011110111110101101010101
item159	0100111011001100100000100011010101001101111110111100001111000101
item160	0111111111101100100000110011011101101001111110111110001111000101
item161	0111111011001100100000100011011101001001011100111110011111001100
item162	0110110011101101100100100011011101001001011110111010001111000101
item163	0110111011001100100011110011011101001001011110111110101110000101
item164	0110111010011100111000110011011101000001001110111110001111000101
item165	0110110001001000100000110011011101001001011110111110011101100101
item166	0110111011001100100000110111011111101011001010111100001111000101
item167	0110010111001100100000111011010101000001111110111110001110001101
item168	0010111001001100100000110011011101101100011110111010001111010101
item169	0110111111001100101000110011011111001001011110101110001011000101
item170	0110111001001100100000100010011101001101011110111111001111010101
item171	0110110011001100100000010011011101000011011010011110001111010101
item172	0010111011001100100000110000011101000001011111110110101111000101
item173	0110111011101100100010110011111101001001011111111110001111001101
item174	0110111010001100100000110011011101000001011110101100001101000101
item175	0111110011001100101001110011011101001001011110111110001111000000
item176	0110111010001101100000110011010101001101011110111010011110000101
item177	1110111011001100100000110010111001001001011110111110001111000111
item178	0111111011101100100000110010011101101001011110111111001101010101
item179	0110111011001100100000110011011101001001011110101110001111000100
item180	0010011010001100100000111011011101001001001110101110001111000101
item181	0110111011001100100100110011011101001000011111101110001001001101
item182	0110111011101100101010110011011101001000011100101110101011000101
item183	0110111011001100100000110011011101001001011110111110001111000101
item184	0100111011001100100000110011011101001001011010011100101111000100
item185	0110001011011100000000110011011101001011010110101100000110000101
item186	0010011111101100100000110011011101101001011110110110000111000101
item187	0111011011001100101000100011011101001001011111111110001111000101
item188	0110111011010000100000110001011101001011011110111110001111000101
item189	0100111011001000100000110011010101001001001010111110001111000101
item190	0110111011011100110000110011011111001001011110111010001111100000
item191	0110111011101100100000100011011101001000001110111110001111100101
item192	0110101011001100100000110010011110001000011010111110001111000001
item193	1110101011000101100010010011011011001001001110111010001111000101
item194	0010111011101100101000110001011101001001001110111100001111000101
item195	0110111011101100110000110011011101001001011110101110000111000101
item196	0111011011101100100100110111011101000101011110111110001111000101
item197	0110010001001100000000010001011101011001011110111110001011000101
item198	0010111011001100100000110111011101001001101100011110001111000101
item199	1110010011001100100001110011011000001001011110111110001111000101
item200	0110111011001100100000110011011100111001011110110110001111001100
item201	0011111110010001110010010001011010001100011101010101110110100011
item202	0011111000010101111110010001010011000111011100010110111010100001
item203	0111111100010001110100000000010010000101011100010110110110100010
item204	0011111100000101110010110000010010010100011100010110111111100001
item205	0011101100010001110110010000010010000101111000010110110110100000
item206	0111111100010001110110010000010010100100111100010110010100100001
item207	0011111100011101110110010000010110000100011100010110110110100001
item208	0011111110100001110110010000010010000101011100010010110110101001
item209	0100111100011001110110011100010100000101011100010110100110100001
item210	0001111100001001110110110000010010000101011100010110110010100001
item211	0011101110011001100110000100010010000101011100010110110110110001
item212	0011111110110001110010110000000011000101011100010110110110100001
item213	0011111101010001110110011110010010010101011100010101110110100000
item214	0011101000011011111111110000010010000101011000010010000111100001
item215	0011110100010101110110011000010110000101011100011010110110100000
item216	0010110100010101110111000010010010100101111100010110110110010001
item217	0011111100010001010110000000011010000101010100010110110110100001
item218	0011111100010000111110010000010011000111011000010111110110100010
item219	0011110110010001110110010100010010100111011100000110110000100001
item220	0010111100010001110110010001010000100101011100000110110110101001
item221	0011111100010001010110010000010110000101011100010110110110100001
item222	1001111100010001110100010000010010001101011100010100110011100101
item223	0111110100010001110110010000011000000101010000010110110110100011
item224	0011111100010001110110010000010010000101011100010100110101100011
item225	0011011100110011111110010000010010000111111100100110110110100001
item226	0011111100010001010110010000010010000101011100010010110110110011
item227	0011101100010001110010000000010010000101011100010110110111100001
item228	0001110100010000110100010000010010000101011110010010110110110001
item229	0011111100010001111110110000010010000101100001010110010110100001
item230	0110111110010001110110000001011010001101011100010110110110100001
item231	1011111100010001110110010000010010000101011100110110110111100001
item232	1010011111010001110110010000110110010101011101010110110111000001
item233	0011111101010001110110010000010000000101001100110111110111100000
item234	1011001100010001110110010000010010000100011100010110110100111001
item235	0011111100010001110110010000010110010101011100011110110110100101
item236	0011010100010101110100000100010010000101011100110110110110100001
item237	0011111100110011110111010000010001100101010100000111110110101001
item238	0011111100010001111110010000010010100001110100110100100110111001
item239	0101101101010001110110011100010010000101011100011110110011100011
item240	1011111100010011110110010110010000100101010110010111110010100001
item241	0011101100100001111110010000110010000101001100010110110110101001
item242	0111101100010001111110110000000010000101011100010110110110100001
item243	1011011110010001110110010000000010001110011100000010111110100001
item244	0011111001010001110110011000011000010101010100000110110110100011
item245	0011111100110001110011110000010010100101011100010010110100100001
item246	0001110100010001000100110000010010000101010100010110010111100001
item247	0011111100011001010010010001010010100101111110011110110110100000
item248	0011001110011001110110010010011010000101011100010110110111100001
item249	0011111101011001101010010000010010110101011100010010110110100001
item250	0011111100111000111110010100010110001011011100010100110110100001
item251	0110001100000010111100000110101011111011000000111000101011110110
item252	1110011100001000011101110010111010111010001000111110101011110110
item253	0110001100100000011101110001111010111010000001111110100010100110
item254	0110001100000010111101110010111001110000000011110110101010110100
item255	0111111100000000011100010010110010110110001101111110101110110110
item256	0110001100000000111101110010111110110010100001111110101010110110
item257	0110001110000000011100110000111010111010011001111110101010100110
item258	0110001100000000111101110010101110111010000001111000101010110010
item259	0010001100001000011101111010111010111010000001101110001000110110
item260	0110001101100000011101110010111010111010000001111110001010010110
item261	0110001100010101011010110010111011110010000001111111101010110110
item262	0010001100100000011100110010110011111010000101111110101000101110
item263	0100001000000000011101110010111111111010000001111110101110010110
item264	0010001100000000011101100010111010111010001001111111001011110100
item265	0110001100100000011001110010111011111011111001111100101110110110
item266	0111001100001000011101110010111000111010000001011111101010011010
item267	0110001110000000011100110010111010010011000001011110101010110110
item268	0110001100001000011101110010111011111010000001111110101010110111
item269	0110000001000010001100110010111010111010100010011110101011010110
item270	1110001100000000011101100110111010010001000001011110101000110111
item271	0111001100000010010101010011111010111000000101111110101010110110
item272	0111001100000100011101100110110111111011000001111110001010110111
item273	0111001100000000011101110010010010111010000001111110100010110110
item274	0110001100000010000000110001111010111010000101111110000010110110
item275	0110001100000000110101110010111010101010100001111110001110010110
item276	0000001110000000111100110010111010111010001001111100101110110110
item277	0110001000000000011111110010111010111010000000101110101111110110
item278	0110011100000000111101111010011010111010000001011110101000110110
item279	0110101100000000010111010110101010101000000001111010100010110110
item280	0110001100000000001001110010111011111010000011111110100110010110
item281	0111011100000000011101110010111010111010100101111111101010110110
item282	0100001101000101011101110010101010101010000001111010101000100110
item283	0110001100000000011000110010111010001000000011111110100010111100
item284	1110001100000000011111100010111001111010000001011110100000110110
item285	1110001100000000010101110010111010111000000001111110111010110110
item286	0110001100000000011111110110111000101010000001111100100010110110
item287	0110001000000001011101110010111110101010000001011110101110110111
item288	0100001110000001111101110010111010111100000001110010101010100110
item289	0110001100000000011101110010111010110010000011111110101010110110
item290	0110001110000000011101110010011010011010100000111100101010110110
item291	0110001100001000111001110010111010110010000000111110101010110110
item292	0110001101000000011101110010111010111010000001111110101010110110
item293	0110001100010000010101110011111010111010000001111110111010110110
item294	0111011110000100011101110010111010110010000001111100101010010110
item295	0110001101000101011101110010111010001010001001111100101010110110
item296	0100001100000000011111110010111010111010000001111011101000010111
item297	0110001100000000011101110010111110111010000000111110100010110100
item298	0111001100000000111101100010111010111010110001111110101010110110
item299	0110001100000000011101110010111010111110010000111110111010110010
item300	0110001100000000001110100100011000111010111001011110111010110110
item301	1111110111000001000100001010001010101000101010011111100111111011
item302	1111110111000001000100001010101010101000101010011111101110011000
item303	1111010100100101000100001010011000101010101000011101101111111010
item304	1111010100100001100000100010000011101000101001011111101111111010
item305	1101110101100001000101001010001010100000001000011011101111111010
item306	0110110101000001000100001010000010101010101100001111001111011011
item307	1111110101000001001100000110101010101100001000010111101011111011
item308	1111110101010001101100001010001010100000101011111111101110111110
item309	1111110001000001000110001010001000100000101010011111100111111010
item310	1111110111000001000100001010001010101000101000111111101111111010
item311	1111110111000001000101001010001000101010101000011111101111100000
item312	1111110000000001001100001010001010101010101100011111101111111000
item313	1110110001000011000000000011001000101000101000001001101011101010
item314	0111110100000001000100001000001110101001001001011011101111011011
item315	1011110001100000000100111000001010101000101101011111100111111010
item316	0111110101000001000100011010011000101000111101011111101111101010
item317	1111110101000000000000101010001010101000100000000111101011111010
item318	0111110101000000000100001111101010101000000000011111101111111010
item319	1111011101000001000000000010000010100000101100011111101111101010
item320	1111110000000001000101101010001010101000101010011111101110110000
item321	1110110101000000000100001011001010110000101000011111101100011010
item322	0111110101000001000100001010001011101000101000011111101111111010
item323	0111110101000001000101001011110010101000101000011111101111111010
item324	0011100101000001000100001011001010001000101000011111101011111010
item325	0111110101000001000100001010001010101010101100011111111111111010
item326	1111110111001001000100001011001010100000001000100101101011111010
item327	1111110101010000000000001010001010101000101000011111101111111010
item328	1011111101000001100100001011001010100000101000011110101011111010
item329	1011111111000011010100001010001010101000101000011111101111110010
item330	0111110110100001000100001010001000101010111000011111101111111010
item331	1111110100000001000100001010001011101000111000011111101111110011
item332	1011110101001000000100011010001010101100111110011001101111111010
item333	1111111101000001000000001010001000101000010000001111101010111010
item334	1111110101000011000100001011000010101010101000011100000111111000
item335	1111110110000011000100101010001010101000101000011111111101111010
item336	1111110101000001100100001010101011111100101000011101111110110010
item337	1111110101000011000100001010001010100000101000011111101111110010
item338	1110010101000001100000101010001010101000101000011111101111111010
item339	1111101111100011001100001010001011000001100000011011000111110000
item340	1101010111000000000110011010001010111000101000011111101111111001
item341	1110110101000001000110001000001010101001101000011110101111111000
item342	0111110101000001001100001010000111101010101000011111101111110010
item343	1111110101000000000100001010001010101000101000011111101010111010
item344	1111110101000001000100001010001010101000101000011111101111111010
item345	1111110101000001000100001010001010101100000000011111101101101000
item346	1110100101000001000000001010101010111000101000010111101111111010
item347	1111110101000001000101001010001010101010101000011011001111110011
item348	1011110111000111000110001010001011101101101001011110101101111010
item349	1111110100000001000101001010001010111000101000011101101111111010
item350	1111110101000001000100000001001010101000101100010110101110110100
item351	0101011111100100111110100101101001111110011101110111011100111100
item352	0101011111100100111110101101101000110010110101110100011111100100
item353	0101011111100100110110100101101000110110011101110100001111100100
item354	0101001111000100111110100100101000100110011101100100011111100101
item355	0100001110100100110100100101101000110111011101110101011011101100
item356	1101011111100100111110110111101101110110011101110110011111100100
item357	0001011111100100110110100010101001110110011100110100001111100100
item358	1101011101100100010111100100101000110110011101110100010101100110
item359	0101001101100100111100100101101000100111011101110110011111110110
item360	0101011010100100110110100101101000110110011101110100011111100100
item361	1101011101100000110110000101001000110111011100110100011111110100
item362	0101011111100100111100100101101010110100011101110100011111110100
item363	0101011111100000110010100101101000110100011101100100011011100100
item364	0101011111010100110110100111101000110110011100010100111111000100
item365	0100011111100101110110100111101000110110011101111100011101100100
item366	0111011111100100100110100110101000110110011101110110011011110100
item367	1101011111100100110100100001101000110110011101010100011111100100
item368	0101011111100100110110100111101000110110001101110110011111101100
item369	0101010111000100110110101101101000110110011101111100001111100100
item370	0101010111100100100110100101111000110110011100110100111111100101
item371	0101011111100100110110100111101001110110011101110100011111100110
item372	1100011111100100100110100001101000110110011101111100111111100100
item373	0101011111100101110110100001101000110110011101110100011111100111
item374	0101011101100010110110100100100000110110001101100100011111100100
item375	0101001111100100110110111101101000110111011111111110011101100000
item376	0111011111110101110110001101101000010110011101111100011111100101
item377	0101011111100110110110101100111010100110011101110100011111100000
item378	0101011111100110110110100100101000110110011001110100010110110101
item379	1101011111100000110110100100011000110110001011110100011111100100
item380	0101011111100000010110101111101000100010011101010000010111101100
item381	0101011111100100110101100101111000110110011101110100101101100100
item382	0101011111000100010110100111001100100110011101110100011100100100
item383	0001001111100110110110100111001000110110011101101100011111100100
item384	0001011111000000110110100101101000110110111101100100011111010100
item385	0101010111100000110110100100101100110110011101110000011111100100
item386	0101011111100101010110100001101100110110011101110100011110100000
item387	0101011110110100111110100101101000010110011101110110011111100110
item388	0101001111110100110110101101001000110110011100110100011111100000
item389	0101001111100100110110010101101000110110011101110110010111101100
item390	0101010011100100110110100101101000010110011101110110011101100100
item391	0101011110100100110110100101101100011110011111100000011111100100
item392	0101011111110100000110100101101000110110011101111100011101101100
item393	0101011111111100110110100101101000110111011101110100011110101110
item394	0101011111100101110100100001101010110111011101110000010111100100
item395	0101011111100100010100100101111010110110011101110100110110100100
item396	0101011111110100110110100101101000110110011101110100000110100100
item397	0101011111100100110110101101111000110110011101110100011111100100
item398	0111001111100110110110100101101000110110011101110100011111000000
item399	0101011111101100110110100101101000110110111101110000011111100000
item400	0101011111100100110111000110001000110110011101011100011111100100
item401	1001100000011100101111110110000110011011110100111010001010111111
item402	1001000000010100111111111111100110110011100100101011001110111111
item403	1001001000010100100101011101100110111011110100111011001010110111
item404	1001000000010110100111111110100101110111110100111011001010111111
item405	1001010100010100101111110110100110010011110100111011001010101111
item406	1001001100010000101111111110000110000011100100111011001011111111
item407	1000000000010100100111110110100110110111111100001011001010111111
item408	1001000000010100101110111010100110110001110101101011001010111111
item409	1001000001010100101111111110100110110011110100011111011010111111
item410	1000000000000100111111111110100110010011110100111011001011111111
item411	1000000000011110101111111110000110111011111100111011000010111111
item412	1001001000010100101111111110111110010011011100111011001011111100
item413	0100010000001100101111111110100110110011110100110011001010111111
item414	0001000000011100101011111110100110110111000100111011011100111011
item415	1101000000010100101100111010100110110011111100111011001010111111
item416	1001000000110100101111111110101010110011100100111011001010001111
item417	1001000000010100001111111110101110110001110100101011001011111111
item418	1001000000011100101111111110100110110011110100111011001010111111
item419	1000000000010110101111011110100110110000110100111011001110111111
item420	1001000000010100111101111100110110100011110100111111001110111111
item421	1101000000010110101011111110100110110011010100111111001010011110
item422	1001100000010110101111101110100011110011110110111011101010110111
item423	1001000100011101101111110110100110010011010100111011001110111101
item424	1101000000010100101111110011000010110011111100111000000010111111
item425	1101000000010100101111011110101110100011110100101011001010111111
item426	0001000010010100101011100110100110111010110100111011001011111111
item427	1001000000010100101111111010100110111011110100011011001010101111
item428	1111000000010100101111101110100110110011100100111011000010111111
item429	1001000000000100101101001100100110110011010100111011101010111100
item430	1001100000000101101111011110100110100011110100111011001010111011
item431	1101000000010100101101111110100110010011110000111011011010101111
item432	1001000000110100101111111100100110110001110100111011001010111101
item433	1101000000010000101111111110100110110111110100111111001010111111
item434	1001100100010000101111111110100111110000110100110010001010111011
item435	1001000000010100101111111010000111111011111100111011101010111101
item436	1000100000000100101111111110000110110011101110111111101010101111
item437	0001000001010100101111111110100110110010110101111001001010111111
item438	1001000000010100101110111100100100110001010001111011000000111011
item439	1001000000010100101101111110101110100011010100111011001010111111
item440	0001000010010101101111111100100110010011110100111011001010111110
item441	1101000000010110101111111110101111101001111100111011001010111110
item442	1101101000010100101111111111110110100011110100111011011010111110
item443	0001000000010100101111111111100110110011111100011011001010111000
item444	1001000000010101101111111010100110110011010000111011001010111111
item445	1001000000010100101011111110100111110011110110111011001000111101
item446	0001000100010100101111011110100110110011101100111011001010111111
item447	1001001000110100101111111110100110111011110100111010001000111011
item448	1001000000010100001111111110100110111011110000111011001010111101
item449	0001000000010000001111111110001110110010110100011011101010011111
item450	1001000000011100100111111110101110110011100100111011001010111111
item451	0010000000101101001101001010011100010101100011000111010001000101
item452	0010001000110100001111001010111100100101110011001011001001000101
item453	0011001000110100011101011001011110110101100001001011010001010111
item454	0011001110110100000101001011011100110101100001001011011001010111
item455	0111000101010100001101001011111100010101100101001011011001010111
item456	0011000010110110001101001111011100110101100001111111111001010111
item457	0011100000110001011101001001011100110101100000001111011001010111
item458	0011001000110100001101001001011110110001110001001011011101010111
item459	0001101000110100001101001010010110110101100001001001011001010111
item460	0011001000110100001001101111011000100101100001101011011001100111
item461	0011001000110100000101101011011100110101100000001011011001010111
item462	0011101000110100001101001011011100010111000001001011111001010111
item463	0011001000110100001101001011011100110101100001001011001001010010
item464	0011000000010100001101001111011100110111100101001111110101010111
item465	0011001000010100001101001011011101110111101101000011111001110111
item466	0011001010110100111111011011011101110101100001001011011001010111
item467	0011001010110100001101001111011110110101100000001011111100000111
item468	0011000000110100001101000011011100100101111001001011011101011111
item469	0011001000110001000001001011011100111001100000001011011001010111
item470	0011001001010100001101001011011100111101100001001111001001110111
item471	0011001100110100001101001001011101110101100011011011011001010111
item472	0011000000110110001101011011011000110101100001101011011001010111
item473	0011001001110100001101001011111100110101100001001011011001011111
item474	0011011000010100001101000001011100100101100001001010011001010101
item475	0011001000100100001101000111011001110101100001001001011011010111
item476	1011001000110101001101001011011100110101100001001011011001010011
item477	0011011001110101001101101111011100110101100001001011111001011010
item478	0001001000110100001101001011010001110101100001001011011001010110
item479	0011001000110100001001001011011101110101100000001011011001010101
item480	0010001000100100101100000011111100111100100001101011010001010111
item481	0110101000110101001001001111011101110111100001001010011000110111
item482	0011010000010110001001001011011100110101111001101001011001010111
item483	1011001101110100001101000011011100110101000001001011011001010111
item484	0011001000011100001111001001011100110101100001001011010001010111
item485	0011001000110101001111001011011110100101100001001111011001010111
item486	0011001000110000011101011011010000110001100001001011011001010110
item487	0011001001110000101101001011011100110101100001111011011001010111
item488	0010001000110110001101001011001010110101010001000001011011010111
item489	0011001000110100011111001011011000110101000000000010011001010010
item490	1011001000110100101101001111011000011101110010001011010101010111
item491	0001101010110110101001001011011100100101100011001011011001010111
item492	0011001010110110001101001011011101110111100001001011011101010111
item493	0011001001110100011101001011011100110001100001001010011101010111
item494	0011001110110100001101101101001101110101100001100001011000010001
item495	0011001000110100001101011011011100111101110001011011011001010111
item496	0011001000110100001111001011011110110101110001001111011001010111
item497	0001011001110100001111001001001000110101100001001001011001110111
item498	0011001000110101001101000011011100111101100001001011111001011011
item499	0011011000110100001101001011011100010101100001001011011001000111
item500	0011001010110110001101001011010111111101110001001011110001010111
item501	0011000010111110010000101000101011010011111110000001010001011101
item502	0111000110111111010000001000101010010011001100010000011101110001
item503	0110100010111111011000101010100001010011110100000001010001110001
item504	0011000001111111010001101000101011010011101101000001011011110001
item505	0011000011111101010110101010101011010010111100000001011001110001
item506	0011000010111111010000101000101011000010101100101001011001110000
item507	0011000010111111010001101100101011010011001100000001011111110011
item508	0011000110111111010000101000101011000011101100010001111001110001
item509	0011000010111111010000101000001011110101101100001000010001110001
item510	0011000000111111010000100010110011010011101100000001011001100001
item511	0011000010111101010000001000101011010010100100001001011001110001
item512	0001000110011111010100101001111011010011101100000100111001110011
item513	0011000010010111010000101000001011000001101100000001001001110001
item514	1011000110101111010100101001101011010011101100000001011001110001
item515	0011000010110111010000100000101010010011101101000001001001101101
item516	0011000111111110010000101000101011010111100100000001010001110001
item517	0010000010111111010000000100101011000011101100000001011001110001
item518	1010000010111111010000101000101111010011101100000001011000110111
item519	0111000110111111010010001000110010010011101100100001011001111000
item520	0011000010111011010000000000101011010011101100000101101001110001
item521	0011000010111111010000101000111011010011101000000001011001110010
item522	0011000010111111010000111000101011010011101100100001011001111001
item523	0011000010111111010000100000101011010011000100100001011001110001
item524	0010010010111111010000101000101011010011001100000001011011110001
item525	0011000010111111010000111000101111010011001100000011011001110001
item526	1011010010111111010001100000101011010011111100000001010001000001
item527	0011000011111011010000111000100011010011101100000001011101110001
item528	0011100010111111010010111000101111010010101100000001010001111001
item529	0011000010111111010000101010101011010011111100000101011001110001
item530	0011001001111101010100101000101011010011101100000101011001110001
item531	0011000010101111010000101000100011000011101100000001011101111101
item532	0011001110111111000001101000001011010111100110000001011001110001
item533	0011100010011111010000111000101011010011101100001101110101110001
item534	1011000010111101010000101000100101010011101011000001011001110001
item535	0001000010111111010000101000101011011011001100001001011001010001
item536	0111010000111111100000101010001011010011101101000101011001010000
item537	0010000000111111000000101000001011010111101100001101010001110000
item538	0011000010101111001000101100111010010111101100000001011001110001
item539	0001000010110111010000101000111011010011111100000001011011110001
item540	0001000010111111010000101000101011010011101010001001010001111001
item541	0011000011111111010000101010110111110011101100001001010101110001
item542	0011010010111111010000101000101011011011101100001001011001110011
item543	0011000100111111010001101010101111010010111100000001011001110000
item544	0001000010111111010000101000101011010011001110000101011001110001
item545	0011000010101111010010101000111011010010101100000101011101110001
item546	0111000110111101010000101000101011010011101100000000001001110001
item547	0011000010111111011100111000101011011011101010000001011011110001
item548	0011000110111101010000101100101011010011101100000001011000110001
item549	0001000010111111010000101000101010011011101100000011011001110001
item550	0111000010111111110000101000101011010111101110010101011001110001
item551	0010011011101111100110001001100100000110101000010101111000101011
item552	1010011011111110100010001000100100010110101100110101001100100010
item553	0010011111101111100110101000100100011101001000110101111000100001
item554	1010011011101011100111001000100110010111111000010101011000100011
item555	1010011011101110101100000110100100010110100000110001011000100111
item556	1110011011101111000101001000100110110110001000110101011000100011
item557	1011101011101111100010001000101100010110101000110101011000100011
item558	1010011011000101100110001000100100010110101000110101011000000011
item559	1011011011001111100111001000100100011110011000110101010000100001
item560	1110011011101111000110001000100100010110001000010101111000100011
item561	0010011011001101000110001000111100010110101000111101011010100011
item562	1010011010101111100110001000100110010110101000110110011100100010
item563	1010010011101111100111001100101100010110011000010101011000100011
item564	1010011011001111100110001000100100010110101000110100011000100010
item565	1010001011101111100110000000100100010110101000111101001000100011
item566	1110011001000111100110001000100100010110101100110101011000100011
item567	1010011011001111100111001001100110010110101000110101011000101011
item568	1110010011101111101110001010100100000110100100110001011000100011
item569	1110011011101111100110011000101000010110101001110101011000110001
item570	1010111011101111110110001011100100010110101000110101011010100001
item571	1010011011101111100110001000100100011110101010111101011001100011
item572	0110011011101111100110001000100100010111001000110101011001100011
item573	1011001011101111110110011010010100011110101000110101011000100000
item574	1010011011111111100100010000101100010110101000110101011000100011
item575	1010010010101111100110001001100100010110101000110101110000000111
item576	1010010011101111100110000000100100010110001100110101011000100001
item577	1010011011111111100110011000000100010110001000110101111000100011
item578	1110011011101011100110001000100100010111101000110001111001110010
item579	1010011011101111100110000000100000110110101000110111011100100001
item580	1010011011101111100110001000100100011110101000110101001000100011
item581	1011011011001111101110001000011100010110100000110100011010100011
item582	1010011011101111100110101000100000100110101000110101011000100011
item583	1010101011101111100110010001001001010110101100110111011000100011
item584	1010001011101110100110001000100101010010101000010111011000100010
item585	1010011010100110110110001000100110110010101000010111011000100111
item586	1011011111101111100110001010100100010110101001110101011000100011
item587	1000011011101111100110001001101000010110101000000101011000100111
item588	1010011011101111100110001010100100010110101000100111011011100011
item589	1010011010101111101110001000100100010110101000110001011001101111
item590	0010011011101101100110101000100100011110101010110101011000101011
item591	1010111011101111100100001010100110010110101000110100011000110011
item592	1011011001101101100000001000100100010111101010110101001100100011
item593	1110011011101111101110111000100100010110101000110101011000100011
item594	1010011011101111100110001001100100000110101010110101011000100011
item595	1011011011111111100110001000100100010111101000110111011100110011
item596	1010010011101011101111001001100100010110100001010101010000100111
item597	1011011011101111100010100000100100010110100000110101011000100111
item598	1010111011101111001110001000100110101110011000110101011000100011
item599	1010011011100101100110001000100101010010101000010101010000100011
item600	1010011111101111111100001000100100010110111000110101011000100011
item601	1100110010001010101111110001000001010101111001110100011001111000
item602	1100110010001101111010110101100001110100111001100100001001111000
item603	1100110010001011101110110101000001010001111001111100011001110000
item604	1110000010001111101110110000000001110100111101110100011001111000
item605	1100110010001011101110110101000001010101111001110100011001111010
item606	1100110010001011101100111100001000010101110001110100011000011000
item607	1110110010011011111110110100000001010101110000110100011001110000
item608	1100110010001011101110101101000001011101111001110100011001111100
item609	1100110011001011101110110101000001000111111111110100001000111001
item610	1100110110101011111110110101000001110101111000110100011001110010
item611	1100110010001011001110110101010011111101111100110100011001111000
item612	1110110010001011101111110101000000010101110001110100111011111000
item613	1100111010001011101110010001010001010101111001111000011001111001
item614	1100110010001001101010110111000001010101111001110101011001110100
item615	1101010010000001100010110101000011010101111101110000111001111010
item616	1110110010001111100110110101000001000101111001110101111001111000
item617	1100010010001001101110110101000001010001111001110100011001111000
item618	1100110010001010001110110101010001010101101011110100011101111000
item619	1100110000100001100110110101000001010101011001110110011001111000
item620	1100110010001011101110110101010001010100011001110100011011011000
item621	1001110010001011101111110101100001010001111001110100011001111000
item622	1110110010001011101110110101100001010111111001110100011001111000
item623	1101110010001011001110111101010001010001110001110100011001111000
item624	1100110110000011101110100001000001010101111001110100011001111000
item625	1110110010001011101110110101000011110101111011110100011001111000
item626	1101110010001011101110110000001001010101111001110110001001111010
item627	1100110110001011101111110101000001110101111001110100011001011000
item628	1100010010001111001110110101000001010101111001111101011001111000
item629	0100110000001011101110110101000001010111101001100001011001111001
item630	1000110010001111101110010101100001010101111001111100011000111000
item631	1100101011001011101110110101001001010101111001110101011001111000
item632	1100110010001010111110110101010001010101111001100101111001111000
item633	1100110010001011100110110101000001010101111101110100011001111000
item634	1100110110111010101111110101100001010111111001110100011011111100
item635	1100110111001111101110110111000001010111111001110100011001101100
item636	1101100010001010101110100101000001010101011000110110011101111001
item637	1100110010000011101110110101100001011101111001110110011001111000
item638	1100111010000011111110110110000001010101111001010000110001111000
item639	1000000010001011101111110101000001010100111111111010011001110000
item640	1100110010001011101110110101000001010111110001110100011001011000
item641	1101111010001011101110110100000011010101111001110100011001111000
item642	1100110000001111101110110101000000010101111001110100011000111000
item643	1000110010011011101110110001001001110010101001110100011001111000
item644	1100010010001011101110110100000001010111101001110100011001111100
item645	1110100100001011101111110101000001010101111001110100011000111000
item646	1100110110011011101101110101001001011011111001110000011001111000
item647	1100110010001011101100110101000001010111111100110100011001111000
item648	1100110011001001101110110101000011010101011001110010010001111000
item649	0110110000001011101110110101000000010101111001100000001011011000
item650	1100110010011010101110110101000011010001111101010100001001111000
item651	0111001100100101010111011000111000100110100110110100011000111011
item652	0111101101100101010110011000101100100110100110110100101011111011
item653	0111001101100101010100011100101001100010111110110101011000111011
item654	0111111101100101010110010101111001100111000110110101011100111001
item655	0111101001100101011010111010101101100111100110110101011000101011
item656	0111101001100101000000011010111101100100101110010101111000001011
item657	0111101101100111010110001100101001100110100110110101011100111011
item658	0111101101101101010111011000101001100110100010110101011000111011
item659	1111101101100101010110111000001101100110100010110101001000110010
item660	1111111101100100010011011001101001100110100110110101011000111011
item661	0111101101110101010111111000101001110010100110110101011001111111
item662	1111101101100101010110011000110001100010100110100101011000101011
item663	0111101111100101000010011100101001101010101110110101011000111010
item664	0011110101100101000110011001001011100110100110110111011000011011
item665	0111101100100101010110011000101101100110001110100101010000111111
item666	0111101101100111010111001000101001100110100111110101011000111001
item667	1111100100110101100110111000101001100110100110100101010000111001
item668	0111100101100101010100011000101001110110110110110101010010011011
item669	0111101001100101010110011100101000000110000110010101011000111110
item670	1111101111100101110110011001101001100111100100110101011000101111
item671	0111101101100001010110011000101001100110000111110101010000111011
item672	0011101101100101010110111000001001100110100110110100011000110011
item673	0111101001100101010110010000101001100100000110110100011000111010
item674	0111111101110101010110001010101001100110100110110100011000111110
item675	0111101101110101111110001001101001000110110110110100011000111011
item676	0111101101100101010110011000101001100100100110110101011000011111
item677	0111101101100101000101011000101011101111000010110101011000111011
item678	0101110101100101000110011100101001000010100110110111010000111010
item679	0111101101100101000110001001101000100110100110110101001000101011
item680	0111101111100101010110011010101011000110000111100101011000010011
item681	0111100101100101010100011000101001100010100110110111011100111111
item682	0111100101100111010110011000101001000111110110110101011000111001
item683	0111101101100101010110011000101000100110100110110101011000111011
item684	0111101101101101010110011000101001001110101110110111011000111011
item685	0111100100100101010110001100101001100100100111011101010000111011
item686	0111001101100101110110011000101001100110100110110101010000011011
item687	0111100101000101010110011000001001100100001110110101011000111111
item688	0011001101100001110110011000101001100010100100110001011100111011
item689	0111101101100101011110010010001001100010100110011101011100001111
item690	1111101101110101110110011000101001100110100110110101011000111001
item691	0111001111100101100110011000101011100110100110010101010100101111
item692	0111101101001101010110011101101001100110101111010101011001111011
item693	0111101100100001010110011000101001100111000110110101010000111001
item694	0111101101101101011111011000101001100110101110110001011000111001
item695	0101101101110101010110011000101001100110101110000101011000111010
item696	0111101111100100010111011000001001100111100110110100011000111011
item697	0111101111110100010110011000001001100010100010110101011000101011
item698	0101101101100001010010011000101001100011100110010101011000101011
item699	1111101101101100110111011000110001101110100110010001011000111101
item700	0111110101000101001110011000101001100000110110110101011010111011
item701	0100100010111010111010100101011100100100100001101010111010001010
item702	0000100011111010111110100011011100100110111000111010011011001110
item703	1000100110111000111010100101000100100111101001101010111011001010
item704	0000100010111110111011110101111010100110101001111010111011001010
item705	0000100010011000111010100111011001100110101001101010110011001010
item706	0000100010011010110010100101111100100110101001101010111011101011
item707	1000100110111010111010100101011100100110101001101110111011001110
item708	0000000011111010111010100101011100100110100001001010111011101010
item709	0000110110111010111000100101011100101111101001101010110011001010
item710	0010110010111011111010100101000100100110101001101010111011001011
item711	0000110010101010111010100100011100100110101010101000011001001010
item712	0000100010111011111000100101011100100110101001101110111010001010
item713	0010111110111010111000100101011100100110101000111010111011011010
item714	0000100010111010111010000101011100100110101001101010111011011010
item715	1000110010111011011010100101011100100010001001101010101011001010
item716	0001110001101010111010100101011100100110001001101110111111001010
item717	0000100010111010111010100111011100100110100001101010101011001010
item718	0100100010111010110010010101010100101110101011111000111011001010
item719	0010100010111000111010101101011100100110101001001010110011001010
item720	0000100000111010011010100101011101101110100000111000111011011011
item721	0100100000101010111000100101010100100110101011111010111010101010
item722	0000100010111011011000100100011100100110101000111010111111101010
item723	0001100010111010111010100001011100100110101001111000111011001010
item724	0000100001111010111000000101011100010110100011111010111011101010
item725	0000000010111010011010100101011101100110101001101010111011001010
item726	0000100010111010011010100101001000100100101001101010111011001010
item727	0010000011111010110010100101011000100010001001101010111101001010
item728	0000100100111010101010100101111100100110101001101010111011001010
item729	0001100010111010111011110101011100000110101001101011111011001011
item730	0000110010111010111010100101010100100110101001101010111011001000
item731	0000100010111010111011100101011100100010101001101010110111000000
item732	0000100010111010111110100110011100100110101001101010111011001010
item733	0100000010111010111010100101011100000110101001101010111011001011
item734	0100100010111110111010100101000100100110101001101010111011001110
item735	1000100000111010111010110101011100100110001001101000111010001010
item736	0000100010111110111011100101011100100100101001101010111011001000
item737	0000100011111010111010100101010100100110100001101110111011101011
item738	0000100110111010111000100101011100100110101001101100111011001000
item739	0000100010111010001110100101001100100010101001001010111101001010
item740	0000100010101010111011000101011100100000100000101010111011001011
item741	1001100010111010111010100101001000110110101001101010111011001010
item742	0000110011001110111010000101011000100110101101101010111011001010
item743	0000100010111110111000100101011100100110001001101000101001001010
item744	0000100010111011011011100101011100100110101101101110011011001011
item745	0000100010111010111110100001011100000110101001101000111011001010
item746	0000000010011010011110100101001100000110101101101111111011001010
item747	0100110010111010011010100000011100000111101001101010111011001011
item748	0000100010111010001010110101111100100110101001101010111011000000
item749	0000100010111011111110100101011100100110111001101010111011001010
item750	0010100010111010011010100101011101110111111001101010011011111010
item751	1100100111111000110010000111110001111111100110011101110101110101
item752	1100100111011101111010000111100011111111100110001110111101110100
item753	0100100111010000111010000101100001111101110110011100010001110101
item754	1100000101011100101010100110100001111101110010011110110111110101
item755	1110100111011100110010010111110001111000100110010100110101110100
item756	1100100111011101111010000111100001111100100110011101110001110100
item757	1101100111011100110000000111110000111101100110011100110101110101
item758	1100100111011100111010000111100001111001100110011100110100110101
item759	1100010111001100111010100111100001111101100110011100110101110100
item760	1100100111001100011010100100100111111101100110011100110101110101
item761	1100100111001100111010000111101001111101100110111100110101110101
item762	1100100111011100110010000111110001111101100110001100011101110101
item763	1100100111011100111010000111100100111101100010111100110001111111
item764	1100110111011100111011001111100001111101110110011100110101110101
item765	1100110111000100111011000101100001101101100110011101110101110101
item766	1100100101011100111011000101100000111101000100011101110110110101
item767	1100100111011101111010000110100001111101101110011100110111110101
item768	1110100111011100111010000111100001111101100110011100110001110001
item769	1100000111101100011010010011100000111101101110011000111101111101
item770	1100000111011100111010001110100001111101100111000100110101110001
item771	1100100111011100111010001111101001111111100100011100110101110101
item772	1110100110010100111000000111100011111001110100011100110001110101
item773	1100111111011100111010010101100001111111110110010100110101110111
item774	1100110111111100111010000011110001111101101110010110110001110001
item775	1100100111011100111010010011100001111101000110011101110101111111
item776	1100110111011100101010000111100001111101001110011100110101010111
item777	1110100111011100011001000111100001111101100110011000110101110101
item778	1100101101011100111010000101100001111111100110011100110101110101
item779	1110100111001110011010000111100001111101100110011100110101111100
item780	1110110111011100111010100111100001111100100110011000110101110111
item781	1110100111011100111010000111100001111110100100011100110111010001
item782	0100100111011100111010000111100001111101100110011100110001100101
item783	1101100111111100111010000111100001111111100110011100110101110001
item784	1100111111011100011010010111100000111001100110011000110101110101
item785	1100101011011100111010000011100001111100101110010100010101110101
item786	1110100011011100111011000111110001111101000110011101010111110101
item787	1100110111011100111010000111100001111101100100001100111101110101
item788	1100100111101100111110000111100001111101010110010100010101110101
item789	1100100111101101111010000111110010101101100110011000110101100101
item790	1100100101011110111010101111100001111111100110011100110100110101
item791	1100110101011000110010001111110001111101110110011100110101110101
item792	1100110111011110011010000111100001011101100110010100010101110101
item793	1100100111011000111010000111100001111101100110011100110101110001
item794	1000101111111100111010100111100000111101100110011110110101110101
item795	1000101111011100011010000111100001110101100110011100110001110101
item796	1100100110011100010010100111100101101001100110011100110101110001
item797	0100100111011101111010000100010001111101100110011100110101110101
item798	0100100110011110111010000111100001111100100110011100110000110101
item799	1100100111111100111010000111110000110101100100011100110101110111
item800	1100100111011101111010000111100001111101100100011010110101110001
item801	1110001001111110101001111001010111101111011110011110011110101000
item802	1000001011111100101001111000011101101111010101011110010110101000
item803	0111001011111110101001111001011011101110010110011010010110101000
item804	0110000011111100101000111001010111100111011110011100000110101001
item805	0110001011111010100001111001010111101111010010011110011110101000
item806	0111001011111010101001101001010111101110010110011110110010101000
item807	0100001011111110101010111001001111101111010110111110010110101000
item808	0100001001111010101000111000000111101111010110011110110110111000
item809	0110001101111110101001111001010111101111010110111010100110101000
item810	0110001110111110101101111000000111101111110110010110010110101000
item811	0110001010111110100000111001010111101111010110010110010010111110
item812	0110001111011111111001111001010101101111000110011110010010101000
item813	0110001010111110101101111001010111101110000110010110010110111000
item814	0100001111111110101011111001010110101110010110011110000100101100
item815	0111101011111110101001011000110101100111010110011110110110111000
item816	0110001011111110101001111001010111101111010110011110000110101000
item817	0110001011111110101001111101010111100111010110011110110010101000
item818	0110101011111110101101111001011111101011010110011110010110100010
item819	0110000010111111101001011001010101101111010110011110010110101000
item820	0111001001101110111001111001010101100110010110011110010110101000
item821	0110111011101111101001111001010111101110000110000110010110111000
item822	0100001011111110101001111001011111101101010110011110010110100010
item823	0110001011111111001100111001010111111111010110011110011010111000
item824	0110000011111110101011111001110111101101010110011110010010101000
item825	0111001011111110101001110001010001111111010110011110010111101000
item826	0110001011111110101001011001010111001111010110010110010110101000
item827	0110001001101110101001011111010111101111110110011110010110101010
item828	0111001111111010101000110001010111101111010110011101110110101000
item829	0111001011111110101001111001110111101111110101011110010110001000
item830	0110000001101110101001111001010110101111010010011110010110001001
item831	0010101011111110101001111001010111001111010110011111010010101101
item832	0110001011111110001001011001010111101111010110011110000110101000
item833	0110001011111110101001111001011111100111110110011110011110111000
item834	0110000111111100101001110001010110101111011110001110010110101000
item835	1110001011111110101011111001010111100111000110010110010110111000
item836	0110001011111100011001111001010111101101010110011110010110111000
item837	0110001011111110101101111001010111100111010110011100110110101000
item838	0110001011111110001001111101110011101111010110011110000110101010
item839	0110001011111110101001111001010111101111010010011110010110101000
item840	0110001101111110101011111001010111101111011000111110000110101000
item841	0111001011111110101001101001010011101111010110011110010110101001
item842	0110001011111111101001111011010111111111010110111110010100101000
item843	0111001011110110101001110111000111101101010111011110000110100000
item844	0110101111111110101001111000010111101111110100111110110110001000
item845	0110001011111100101001010101010111101100010110010111010110101000
item846	0110001111111110101001111001010111001111010110011110000110001000
item847	1110001011111110101001111001110111101111010110011110010010101000
item848	0110001011111110000001011000110111101101010110011110010110100000
item849	0100001011111010101000101001010111100011010110011110010010101010
item850	1110001011111100101011111000011011101111010010011110010110101000
item851	1011111110000010111110101010111101000011101000000000000000100001
item852	1011011010000000111110100010110111010101101010000000100000110001
item853	1011011110000010111110101000111101110000101010000000100000110001
item854	1011011010001010111110100010111101010110101010000000100000100001
item855	0100011110100010111110100010101101010100101110000100110100110001
item856	1011011110100000011110100010111101110110101010000000100001101001
item857	1111111110000010110110100010111101010100101010100000100100000001
item858	0010011110000010111110101010111100010100101010000000100000110001
item859	1011011110000010101111110010111111010100101010100001110000010001
item860	1011010110000010111100110010111101010100101011100000110000100011
item861	1001011110000010111110000010111101000110101010010000100000100001
item862	1011001110000000110110100010111101100100001010000000100000101001
item863	1011011100010010111101100010110101010100101010000010100000100001
item864	1111011110000000111010100011011111010100101011010000100000100001
item865	1000011110001010101110100110111000010100101010000000101000100001
item866	0011001110000010001110110010111101010100101010000000100001100001
item867	1011011110000010111110010011111101010100000010100000100000100001
item868	1011011110000011011110100010111101110110111110000000100000100001
item869	1011011110100010110010100010111101010100101010000010100000100001
item870	1011011110000010111110100010111101011100101000000000100000100001
item871	1111011111100010111110110010111001010100101000000000100000100001
item872	1011111110000010111110000010111100010101101010000000100100000001
item873	1011000110001010100110101010111101000100101110000100100000100011
item874	1011011110001010111111100010111101010000101011001000100001100001
item875	1011011110000010101110100010111110010100101010000000100100000001
item876	1011111110100010011110110010111101010100001010100000100000100001
item877	1011011100010010111110100010111100110100101010000000101000100001
item878	1011011110000010111110100000111111010100101010000100000000100001
item879	1111111010001011111110101010111101010100101010000000100000101001
item880	1011011110000000111110100010111111001100111010010010100000101001
item881	1011011100000011111111000010111101010111101010010000100000100001
item882	1011011111000110011110100010111101010100101010000000100000100001
item883	1010011110000010010110100010111101000100111000010000100000100001
item884	1011011110000010111110110100111101010100101010000001000000101000
item885	1011011110100010111111100000101101010100101011000000000000110001
item886	0011010110000010110110100101111101010101101010001000100010000011
item887	1011011100000110101110100010111001010100101010001010100000000001
item888	1011111110000000110100101010111111010100101010000000100000100101
item889	1011011111000010111110100010110001010100101010000010000000100001
item890	1011011110000010111110100010101101010100101100001000101001100001
item891	0001011110000010111110100010111101010100000010000010100010100001
item892	1011110111100010011110100010011101010100001110000000100010100000
item893	0011011110000010111110100010110101010100101010000001100000100011
item894	1010011110000010111110000010111101010100100010000000000100101001
item895	1011011110010010111010101010011101010100101010000000100000100111
item896	1011001101000010111100111010111111010100111010000000100000100001
item897	1011011110000010110100100010111101010110100010011000100000001001
item898	1011011110100010111110100010111001010100111010000010100000100001
item899	1011011110000010111011110000111101011101101010000010100000000001
item900	1111011110000000101110101010111111011100101010100000100000100001
item901	1000101000100001110101111011011001101111110111100001101100000010
item902	1000101100100010111101111011111011101011100111000001101110001011
item903	1010101000100011110101111011001111101111110101100001101100001011
item904	1000101000100011110101111011010011101111110110100001001111010011
item905	1000001000101011110101101011011001101011111111100001101100001011
item906	1000101100100011110101011011011111101111110111010001101100001011
item907	1000101000100011110101111011011111101111110111100001101100001001
item908	1000101000000111100101111011001011111111111111100000101100001111
item909	1000101000100001110101111010001011101111110111101001100100001011
item910	1001101000100011110001111011001011101111110011100001101101001111
item911	1000101000100011110101111011011011101111110111100011100100001011
item912	1100101000100110110101111011011011101101110111100101101100001101
item913	1000101010100011110100111111010011101111110111100001100100001011
item914	1000111000000011110101001011011000101111110111100001111110111110
item915	1000001100100011111100111011011011101101110111100000101100001011
item916	1000101000100000110101111011011011111111010111100001101100001011
item917	1011101000100111111101110010011011101111110111100001101100010011
item918	1000101000100011110101011011011111001111110101001001101100001011
item919	1000101000100011100101111001011001101111010100100001001100000011
item920	1010101000000011110111110011011011101110110111110001101100001011
item921	1100100000110011110101111011011110101111110111101001101100001011
item922	1000110100100011111101111010011011101111100111100101101100101011
item923	1000101000100011110101111110011011101111110101100001101100001011
item924	1000101000100001110101111011011110101111110111101001101100001111
item925	1000101000100011110101111010011011100111110111100001101100011011
item926	1000101100100011010101111011011010101111110111100001111100001011
item927	1000101000100011110100111111011011101111110111000001101100001011
item928	1000100100100011110101001011010011101111110011101001100100001011
item929	1100101010100010110101111011011010101011110111100001101100001011
item930	1000111001100011110101110011011011101011110111100101101001011011
item931	1000101000100011110100100011001010101011111111100001101110000011
item932	1000101000100010110111110001011111111111110111100101111000001011
item933	1001111000100011110101111011011010101111110111110001101100001111
item934	1000101000100011110101111011011011101111110011100001101100001011
item935	1000101000100011110111001011101011101111110111101001001101001011
item936	1000101000100011111101111110110011101111011111100001101100001011
item937	1000101000100011110100111010000111101111110101100001100101001011
item938	1000101000100111110101111001011001101011110111100001101100001011
item939	1000101100100011110111111011011011101111100111100001101100000011
item940	1010101000100001110101111011011011111111110111100001101100001111
item941	1100101000100111110101101011011111000101110111100001101100101111
item942	1000100000100011010101111011011011100111110111110101110100001011
item943	1010100000100011110101111011011011101110110101100001111100001011
item944	1010110000100011110101111010001011101111110111100001101100001001
item945	1010001000100011110101101101111011001011010110100001101100001011
item946	1000111000110011110101011000011011101111110011001011101100101011
item947	1000101000100011010101111011011011100111110011000000101100001001
item948	1000101001100011010101101011011011000111110111100001101000001011
item949	1100110000100010110101100011011001111111110111100000101110001011
item950	1000101000100011110100111011011011101111110101100001111100000011
item951	1111100000100010001010100011101001101100010001100110001001000010
item952	0001000000100010001010100111101000011110011001110100001010000111
item953	0000000001100010001011100111101001011100010001110100101011000111
item954	0000000000100010101010100111101001011100011001110100001011100110
item955	0011000000100010001110110111101001010100011011110100001011100111
item956	0001000000110010000000101011101001011000111001010100001011101111
item957	0001000000100010001010100111111001011100011001110100001010001111
item958	0001000000100010001010100111101000011110001001110100001010000111
item959	0001000000100010001010100111101001010101011001111110001011000111
item960	0001000000000010001010100111101001011100011001110100001011000111
item961	0001000000101010001010110111001001011101011001111100001011000111
item962	0001001000000010001010100110101001011100011011110100001001000101
item963	0001100100100000001010100011000001011110111001110101001001000111
item964	0001000000100000001000101111101001011100011001100100001011000111
item965	0001000000100010001010100111101001011100011001110100001011000111
item966	0011000000100010001110100111111100011100010001110100001111000111
item967	0001000000100010011010100111101001010110011001110110000011100111
item968	0001000000100111001010010111101001011100011101100000101011000011
item969	0001000000101010001011100111101001011000001101110100001011000111
item970	0001010000100011001010100111101001011100111001110100101011000011
item971	0001000000101010011010100111101001011100011001010100001010000011
item972	0001100001001010001010100101101001011100011001110100000011001110
item973	0001000000100011001010100101101001110110111001110100001010000111
item974	0001000100100010001010100111101001011100011001110100001011000111
item975	0001000010100010001010100011101001001100011001110100001010000111
item976	0001000000100000011010100111100001011100011001110100101011000111
item977	0001100000100110001010100111100001011101011001110101001011000111
item978	0011000001100010001001100101101001011100011001110100001011000101
item979	0001000000110010001011100111111001011100011001100100001011000111
item980	0001100000100010001010101011101001011100011001110110001011000111
item981	0001000000100010001001110111101001111100011001110100001011000110
item982	0001110000000010011010100110101001011100010101010100001010000111
item983	0011100000100010000010100101100001011100011001110100001011000111
item984	0000000001100010001010100111100001001101011000110100000001000111
item985	0000100000000010001010100111101101011101011001110100001011001111
item986	0001000000100010001010001111101001011100011001010100101010010111
item987	0001000000100010001110100001101001011101111101100100001011000101
item988	0001000000000110001010100111101001011100001001110101001111000111
item989	0001010010100010001010101111101001011100011001110100001011000111
item990	1101001001100010001010100110101000011110011001110100101011100111
item991	0001000000100011001010100111101001011100011001110100001011000111
item992	0001000000001010011010100111100001011000110010111100001011000101
item993	0001000000100010001110101101101001011100011001010100001011001111
item994	0001100000000011001010100111001001011100011001110100001011000111
item995	0001000001110000000010100111001001011100011001110100001011000111
item996	0001000000100010001010100111100001011100011000110100001011000010
item997	1001000000100000001000100111110000011100011001110101000011100111
item998	0001000000110010101110100101011001111010001011111100001111001101
item999	0001000010001010001010100011101001011101000001110101011011000111
item1000	0101000000010010001010100111101101011100010001110001000011001011
